Num of samples,Num of violations,Min distance,Max distance,Mean distance,Std distance,Total time (s)
100.0,24.0,0.2860876368595439,0.7450198641881336,0.5978781904898322,0.11073970453839768,2736.425328
100.0,22.0,0.3661222490112776,0.8187583767623745,0.6213456920902005,0.13329320116837215,2760.934522
100.0,28.0,0.27604949192382905,0.7185261124638964,0.5645544935258335,0.1071341671355555,2765.139952
