Num of samples,Num of violations,Min distance,Max distance,Mean distance,Std distance,Total time (s)
100.0,4.0,0.1574707575094012,0.40380171875718107,0.27576829672464975,0.10467744563738332,5317.48383
100.0,16.0,0.10159751419402831,0.4453378305284424,0.20971542351888145,0.10272141092354062,5196.46636
100.0,2.0,0.16134154082322197,0.19815171041063828,0.1797466256169301,0.018405084793708157,5208.549827
300.0,22.0,0.10159751419402831,0.4453378305284424,0.21900060065611643,0.10239971670751644,15722.500016999998
