Num of samples,Num of violations,Min distance,Max distance,Mean distance,Std distance,Total time (s)
400.0,176.0,0.16332501144516157,1.0454711437244768,0.7175865672305699,0.17346253239940532,16570.361377
400.0,176.0,0.1445458632469084,1.021521876810851,0.6821942249907029,0.1768162609613493,16589.60823
400.0,162.0,0.16928905925649848,0.9964025540713891,0.6791880041135796,0.16204010394493473,16679.777778
