Num of samples,Num of violations,Min distance,Max distance,Mean distance,Std distance,Total time (s)
100.0,5.0,0.24543773327598448,0.5806314787231326,0.4415074290745233,0.10901226756546627,3127.088861
100.0,25.0,0.20574907101719284,0.6468645567535866,0.4273025561887261,0.12671036280173617,3043.428276
100.0,38.0,0.1611851509047737,0.6899978405505781,0.46364967280358194,0.13117817965294754,2961.638592
