Num of samples,Num of violations,Min distance,Max distance,Mean distance,Std distance,Total time (s)
108.0,22.0,0.07553450510695829,0.5856232728876071,0.24360882305915937,0.14145171591985348,5248.175896
108.0,24.0,0.055540149860530394,0.3136648251734531,0.1388091461997431,0.07214067423272989,5421.534091
108.0,22.0,0.07836458489410887,0.42536759808141833,0.2026121291151557,0.09904316509114526,5456.752172
