Num of samples,Num of violations,Min distance,Max distance,Mean distance,Std distance,Total time (s)
406.0,177.0,0.04462425667910965,0.5952160445334562,0.28107118021686467,0.11856653013470779,10027.079048
406.0,130.0,0.016845261517633017,0.6540901212856484,0.2396936316465574,0.15232493661448732,10407.870358
406.0,126.0,0.01425113709809901,1.0265527726906771,0.29101821222690005,0.2244385339792799,9003.700543
