Num of samples,Num of violations,Min distance,Max distance,Mean distance,Std distance,Total time (s)
100.0,51.0,0.17300450258577782,0.5952160445334562,0.38703342401726787,0.1075824955132812,10027.079048
100.0,48.0,0.07695586601418565,0.6540901212856484,0.3544550973745552,0.13253725863353175,10407.870358
100.0,26.0,0.03494376013654502,0.7897244551423972,0.37879483266628533,0.18062473643818128,9003.700543
