Num of samples,Num of violations,Min distance,Max distance,Mean distance,Std distance,Total time (s)
100.0,9.0,0.4265375402092236,0.519940917738444,0.4753701999961091,0.03340859767300264,5046.364921
100.0,15.0,0.34255424102887205,0.5513771899996281,0.4405529603842061,0.0613402602433063,4892.042507
100.0,21.0,0.3023132440472054,0.5735632467510375,0.37491575047119496,0.06869029203373476,4676.11449
