Num of samples,Num of violations,Min distance,Max distance,Mean distance,Std distance,Total time (s)
100.0,25.0,0.2507522931025,0.682703746090394,0.49041101337949206,0.1038228993147554,3776.848123
100.0,16.0,0.1236978617782521,0.6792237040966372,0.4557376726907767,0.12499937082043228,3562.836873
100.0,16.0,0.06791734043671538,0.6126473389784334,0.39602705148220624,0.15976683431279132,3638.433893
300.0,57.0,0.06791734043671538,0.682703746090394,0.45418440212728123,0.13343298671491913,10978.118889
