Num of samples,Num of violations,Min distance,Max distance,Mean distance,Std distance,Total time (s)
100.0,33.0,0.22011364691016996,0.6550277393859641,0.42611417427193055,0.12247240448932875,2905.825618
100.0,28.0,0.18679203045421314,0.6480341131749222,0.38711859545948046,0.13016789106085302,2968.397274
100.0,27.0,0.14719830639922693,0.650768926481974,0.41774213203732913,0.1479415102273511,2934.375432
