Num of samples,Num of violations,Min distance,Max distance,Mean distance,Std distance,Total time (s)
108.0,5.0,0.10962423556898786,0.4439098913941256,0.2391195501874604,0.15600944169340142,6243.770477
108.0,14.0,0.04374615645756625,0.44226737637969954,0.25035336724994633,0.13631056598777788,6287.038188
108.0,17.0,0.08960164220777078,0.6151243982261536,0.3351964861268935,0.1445901573204892,5615.19166
