Num of samples,Num of violations,Min distance,Max distance,Mean distance,Std distance,Total time (s)
100,0,,,,,393.281023
100,8,0.5973571099354619,0.7611096882612599,0.6984257344426045,0.05600347194147993,389.694003
100,48,0.38498506545559547,0.7925260261599127,0.5407477729475753,0.07698359418778129,385.290968
