Num of samples,Num of violations,Min distance,Max distance,Mean distance,Std distance,Total time (s)
400.0,68.0,0.25091834666967494,0.7967170423761573,0.4243576370808987,0.11677105334184262,2976.207181
400.0,46.0,0.2879573725285178,0.8777211638837047,0.5044380955454615,0.13547071851821932,2945.098797
400.0,101.0,0.26330124255580073,0.8509815815983814,0.5099824674090552,0.14462676111405803,2903.767192
