Num of samples,Num of violations,Min distance,Max distance,Mean distance,Std distance,Total time (s)
100.0,73.0,0.28238796774463826,1.0054280258284145,0.6650240809476402,0.18291293816191817,7224.591917
100.0,71.0,0.16943875701143832,0.9912214222493185,0.6567053288312293,0.1782481522472641,7152.628476
100.0,66.0,0.12382059014402697,1.001805679622294,0.6320378917235349,0.19549370975172403,7128.207376
