Num of samples,Num of violations,Min distance,Max distance,Mean distance,Std distance,Total time (s)
108.0,21.0,0.08210137313578846,0.5089638213588432,0.247793095534982,0.11538596250102302,4547.705006
108.0,26.0,0.02622317713990854,0.46765272506441585,0.17895312372326447,0.13109420764065222,4401.648499
108.0,34.0,0.03089359156323478,0.5178993110189966,0.24088673644526992,0.12726128784986399,3934.173847
