Num of samples,Num of violations,Min distance,Max distance,Mean distance,Std distance,Total time (s)
112.0,2.0,0.6513717410848582,0.7062345489676962,0.6788031450262773,0.02743140394141902,13283.212162
112.0,3.0,0.6470119823216374,0.7017674929039082,0.6661053803635596,0.025237976805851728,13116.669816
112.0,1.0,0.7712780175252089,0.7712780175252089,0.7712780175252089,0.0,13504.581762
