Num of samples,Num of violations,Min distance,Max distance,Mean distance,Std distance,Total time (s)
400.0,47.0,0.45833507581241445,0.8315511005314457,0.6341670063367051,0.08991752412440668,375.413445
400.0,51.0,0.4626220870696819,0.9135883737928586,0.6481361816790979,0.1027326885908513,375.754598
400.0,54.0,0.4740102484683498,0.8256073526777067,0.6452343700768657,0.0897792516848347,374.422861
