Num of samples,Num of violations,Min distance,Max distance,Mean distance,Std distance,Total time (s)
100.0,100.0,0.08851527745242957,0.4898696743715157,0.2781077458542238,0.08665408650096436,5049.637625
100.0,100.0,0.10016064454236401,0.4636051877891559,0.26203777832952896,0.08347397615405207,5083.53229
100.0,100.0,0.09747657022908979,0.48986920005366813,0.2742617216132988,0.09069516948417974,5134.763479
