Num of samples,Num of violations,Min distance,Max distance,Mean distance,Std distance,Total time (s)
108.0,28.0,0.280507122501951,0.6256089859174948,0.44824441001691046,0.09272254897003436,1024.046707
108.0,43.0,0.28465995940010597,0.7008292603321297,0.4410283987886903,0.11254876435398495,972.896068
108.0,7.0,0.3099045434961899,0.4370008408360065,0.37521238885768454,0.04112689141783926,1104.247919
