Num of samples,Num of violations,Min distance,Max distance,Mean distance,Std distance,Total time (s)
100.0,41.0,0.1848490446392897,0.7960082399021808,0.3261618131479608,0.112359531461121,17694.290341
100.0,48.0,0.10029180981818499,0.5493419241149134,0.3059154672292317,0.10183335684394179,19030.01821
100.0,50.0,0.1388159202937338,0.6285706421445426,0.4082831300689263,0.1177096332098457,18010.443065
