Num of samples,Num of violations,Min distance,Max distance,Mean distance,Std distance,Total time (s)
112.0,25.0,0.11664073297210918,0.48390324814065844,0.27728604007421886,0.09003912756271962,4658.242333
112.0,16.0,0.1649408493940348,0.4511202008844866,0.31740293979272244,0.09121646467729873,4331.910292
112.0,11.0,0.15068104801577306,0.3982343724076924,0.24950122655698978,0.07330727133410753,4661.249331
