Num of samples,Num of violations,Min distance,Max distance,Mean distance,Std distance,Total time (s)
100.0,100.0,0.25044555619133285,0.47858986346597954,0.3297163708281717,0.052087549923449716,4301.81881
100.0,100.0,0.2561049749334468,0.4951420548763279,0.33499332815014404,0.06315059917697687,4414.471677
100.0,100.0,0.25015132245171967,0.49222345074330776,0.33959218048124334,0.06612280888713927,4502.757478
