Num of samples,Num of violations,Min distance,Max distance,Mean distance,Std distance,Total time (s)
100,2,0.34992120755383715,0.5325885056947451,0.44125485662429115,0.09133364907045399,5376.388689
100,0,,,,,5267.356538
100,4,0.306251743237654,0.5687302400922225,0.4645246032883644,0.09834692952059428,5353.008677
300,6,0.306251743237654,0.5687302400922225,0.45676802106700665,0.09669033035300964,15996.753904
